nome_aluno,data_checkin,data_inicio
Gerrie Pernell,2024-10-14,2025-01-08
Marielle Celli,2024-11-28,2024-12-29
Malvina Volante,2024-07-14,2024-10-22
Michal Spoure,2024-10-23,2024-12-19
Clotilda Donaghy,2024-07-24,2024-10-24
Maggy Winteringham,2024-10-01,2024-11-20
Andi Midson,2024-10-25,2024-10-29
Ky Gulleford,2024-08-23,2024-11-22
Janenna Carvil,2024-02-03,2024-10-15
Porty Goby,2024-04-12,2025-01-02
Josey Vitler,2024-12-27,2024-12-12
Kathe Whittam,2024-04-08,2024-11-26
Titos Di Angelo,2024-11-27,2025-01-03
Addy Charlesworth,2024-07-04,2025-01-26
Mirelle Slafford,2024-01-04,2025-01-09
Benton Wretham,2024-06-19,2024-10-20
Katha Perroni,2024-11-11,2024-11-28
Yule Quantick,2024-08-30,2024-12-13
Andrej Aughton,2024-05-08,2024-12-14
Dana Seneschal,2024-10-09,2025-01-14
Hadria Langston,2024-09-02,2025-01-11
Kele Bewly,2024-05-20,2024-12-29
Elmer Smalles,2024-03-17,2025-01-28
Jedidiah Chesnay,2024-03-19,2024-12-27
Tiphani Hakey,2024-03-18,2024-12-23
Gabriel Quilligan,2024-07-25,2024-11-24
Carolan Romagnosi,2024-07-15,2025-01-29
Danny Van den Velden,2024-12-15,2024-11-20
Dulsea Bretelle,2024-04-20,2024-11-09
Adolpho Stubbley,2024-05-08,2025-01-13
Joyous Rigbye,2024-05-20,2024-12-09
Roger Foulgham,2024-03-16,2024-11-05
Jori Lansbury,2024-09-12,2024-11-26
Bret Lupson,2024-11-30,2024-10-21
Tory Wilderspoon,2024-01-02,2024-10-04
Aubrey Fordy,2024-03-26,2024-12-05
Luce Ash,2024-04-20,2024-11-28
Jeffie Dedrick,2024-11-01,2024-11-16
Barthel Mirando,2024-11-05,2024-11-30
Cletus Gilkison,2024-09-18,2025-01-05
Vanessa Tacey,2024-03-09,2024-11-06
Caryn Longega,2024-10-14,2024-12-10
Marti Putnam,2024-08-29,2024-10-26
Lissy Canwell,2024-01-30,2024-12-06
Stefania Knights,2024-08-30,2024-10-21
Lolly De Simone,2024-08-13,2024-11-01
Ugo Petzold,2024-05-28,2025-01-19
Cristian Atmore,2024-03-28,2024-10-10
Anni Eagers,2024-05-20,2025-01-25
Jobina Ferry,2024-04-30,2024-11-07
Ronny Ind,2024-10-12,2024-11-17
Andrea MacCallum,2024-01-25,2024-12-25
Pammy Bonin,2024-12-13,2024-10-09
Marcus Chaldecott,2024-05-29,2024-12-03
Constantino Hobell,2024-06-22,2025-01-29
Richart Joao,2024-01-18,2024-11-21
Edouard Ginsie,2024-05-25,2024-11-13
Di Moyler,2024-03-13,2025-01-27
Inigo Asch,2024-04-12,2024-12-23
Jan Floweth,2024-12-15,2024-10-09
Feliza Hodgon,2024-10-03,2024-12-01
Billi Melladew,2024-03-03,2024-10-25
Beckie MacInnes,2024-07-22,2024-11-10
Felicio Annes,2024-12-18,2024-12-05
Randolf Rosenfield,2024-05-15,2025-01-04
Shannan Colquitt,2024-01-16,2024-10-25
Babs Tuxsell,2024-01-07,2024-10-12
Caralie Willavoys,2024-04-24,2024-10-22
Anjanette Kempston,2024-10-12,2024-12-11
Anneliese Dresche,2024-04-11,2024-10-31
Franky Braferton,2024-11-06,2025-01-29
Morry Henker,2024-09-08,2024-11-03
Therese Weekly,2024-10-06,2024-11-14
Alexia Rushmare,2024-01-24,2024-10-14
Bourke Foxton,2024-05-05,2024-10-20
Kevon McGiffie,2024-11-27,2024-10-17
Amelie Plumridge,2024-01-29,2024-12-03
Vivienne O'Hickee,2024-09-05,2024-10-11
Tildie Basso,2024-09-19,2024-12-18
Gaylene Kinze,2024-03-01,2025-01-14
Karoly Dreher,2024-10-27,2024-11-24
Anthia Fernley,2024-05-09,2024-11-17
Coleman Bulbrook,2024-06-09,2024-10-01
Janene O'Scanlon,2024-03-10,2024-12-26
Stinky Hurdle,2024-10-25,2024-12-13
Maggy Buick,2024-07-26,2024-11-07
Farrell Weth,2024-11-12,2025-01-30
Sofie Gyves,2024-07-19,2024-12-15
Rozele Doust,2024-01-08,2025-01-28
Brooke Tolley,2024-12-21,2024-12-26
Allard Hames,2024-02-16,2025-01-04
Gretna Terrazzo,2024-01-23,2025-01-03
Granger Chaloner,2024-09-06,2024-12-01
Royce Seawright,2024-11-24,2024-10-31
Agosto Lamasna,2024-07-06,2024-10-22
Ester Nourse,2024-09-07,2025-01-15
Elset Whines,2024-04-09,2024-11-20
Goldie Aronstein,2024-09-18,2024-10-20
Bertina Sheehan,2024-02-05,2024-11-28
Annaliese Foottit,2024-12-28,2025-01-12
Felizio Berends,2024-03-17,2024-10-27
Phoebe Sivorn,2024-11-19,2024-11-25
Kariotta Domengue,2024-10-27,2025-01-05
Brody Hoggins,2024-12-22,2024-11-24
Rochette Liddell,2024-09-14,2024-10-06
Shermie Sprulls,2024-07-29,2025-01-04
Sibley Beetlestone,2024-05-29,2024-10-06
Merle Wanne,2024-12-10,2024-11-20
Ignacius Adolfsen,2024-02-12,2024-12-30
Algernon Le Noury,2024-06-13,2024-10-12
Valery Vasyunin,2024-05-21,2025-01-27
Kristin Millard,2024-04-27,2024-12-20
Amitie Paoloni,2024-09-06,2024-10-09
Myrah Glave,2024-01-24,2024-12-01
Trixie Spivie,2024-04-11,2024-11-04
Adelaida Monnelly,2024-09-30,2024-12-25
Meredithe Scown,2024-03-27,2024-10-04
Gradey Brannan,2024-11-11,2024-11-26
Joseito Pendered,2024-05-23,2024-12-02
Elton Kirkpatrick,2024-06-23,2024-10-14
Imojean Hardiker,2024-03-31,2024-11-21
Dougy Tysall,2024-07-12,2024-12-30
Rodrique Outerbridge,2024-04-21,2024-10-12
Barbara-anne Dagleas,2024-11-06,2024-11-14
Stirling Fidelli,2024-12-21,2024-12-29
Nananne Callear,2024-12-08,2025-01-08
Aliza Sayles,2024-02-13,2024-12-12
Yorker Kilfether,2024-12-02,2025-01-08
Kassie Towler,2024-06-06,2024-10-06
Zorine Death,2024-08-07,2025-01-30
Kristi Capon,2024-08-30,2025-01-01
Odetta Guppy,2024-06-16,2024-11-20
Jorry Geldert,2024-02-05,2024-10-11
Foster Bafford,2024-06-08,2024-12-14
Kelsey MacIlwrick,2024-10-13,2025-01-09
Cord Blything,2024-07-02,2024-11-07
Chico Ortmann,2024-07-07,2024-11-02
Archibald Hassent,2024-06-09,2025-01-09
Byron McGraith,2024-03-29,2024-10-18
Jilleen Allcoat,2024-04-24,2024-11-24
Nicole Pauer,2024-02-12,2024-11-01
Davita Munnings,2024-08-19,2024-11-13
Conrade Abramcik,2024-10-01,2024-12-25
Lorri Dickey,2024-12-26,2024-11-01
Yancey Yielding,2024-07-20,2024-12-20
Gilberte Boggis,2024-04-18,2024-12-30
Lanie Dunn,2024-06-06,2024-12-28
Liana Wrennall,2024-03-24,2024-12-28
Nicolina Greystock,2024-10-22,2024-11-04
Rhodie Villiers,2024-10-13,2024-12-01
Robby Yakov,2024-02-09,2024-12-19
Abe Labroue,2024-09-21,2024-11-19
Annabelle Luberti,2024-03-27,2024-11-30
Elissa Beamand,2024-03-06,2024-10-09
Selie Keppe,2024-06-25,2024-11-05
Jacky Grigg,2024-07-01,2025-01-19
Natka Culp,2024-12-30,2024-12-27
Cherilynn Enochsson,2024-05-07,2025-01-17
Stacy Jedryka,2024-06-03,2024-12-01
Sandye Densey,2024-11-04,2025-01-19
Gena Milverton,2024-05-12,2025-01-29
Aldric Sandiland,2024-07-13,2024-10-11
Johnna Heningham,2024-07-29,2024-10-03
Hermia Plan,2024-12-03,2024-11-06
Standford Callear,2024-11-15,2024-10-13
Rosalynd Hablet,2024-01-24,2024-11-24
Korrie Ellerby,2024-10-09,2024-11-30
Jennette Daniellot,2024-08-06,2024-10-10
Annabela Harnetty,2024-05-05,2025-01-08
Josie Todaro,2024-10-04,2024-12-26
Rosamund Kitchinghan,2024-04-27,2024-12-02
Carleen Wike,2024-02-27,2025-01-24
Joceline Knapman,2024-07-25,2025-01-27
Katuscha Sisley,2024-07-18,2024-10-15
Toby Dace,2024-07-30,2024-11-12
Pacorro Iacovelli,2024-09-28,2025-01-29
Susan Spafford,2024-04-28,2024-12-10
Clo Dunbobbin,2024-06-02,2024-10-31
Ava Hexum,2024-04-23,2024-12-14
Harley Redferne,2024-03-19,2025-01-27
Stavros Stampe,2024-12-18,2024-10-01
Saxon Tugman,2024-08-27,2024-11-28
Mariquilla McConachie,2024-11-15,2024-12-18
Dillon MacCorkell,2024-10-11,2024-10-27
Anders Poytress,2024-08-31,2025-01-12
Quill Furley,2024-08-09,2024-10-14
Alphonso Sinnock,2024-03-31,2024-10-02
Amitie Gadd,2024-08-09,2024-12-12
Martie Summons,2024-02-23,2024-10-21
Joey Townson,2024-08-13,2024-12-14
Guillemette Dalgarnocht,2024-05-31,2024-11-14
Fan Apperley,2024-02-22,2025-01-10
Mahala Fanstone,2024-06-05,2025-01-28
Cristin McElwee,2024-10-20,2024-12-10
Astrid Gehring,2024-09-18,2024-10-07
Cole Shireff,2024-01-21,2025-01-03
Theodore Ibell,2024-09-20,2024-10-24
Leslie Filippucci,2024-04-05,2024-12-23
Albert Shinefield,2024-04-01,2025-01-09
Maison Ingleton,2024-06-01,2025-01-13
Becki Dickon,2024-04-04,2025-01-20
Hephzibah Ferguson,2024-01-11,2024-10-18
Carolus Bertie,2024-01-11,2024-12-05
Leoine Koeppke,2024-02-15,2024-11-04
Kaye Gierek,2024-02-02,2024-12-03
Adrianne Marsland,2024-10-17,2024-12-01
Wanda Cathie,2024-08-20,2024-12-03
Anallise Gritsaev,2024-04-18,2024-10-16
Brett Hammant,2024-11-16,2025-01-17
Baxy Spedroni,2024-04-03,2025-01-30
Breena Pykett,2024-08-10,2025-01-26
Amelina Grigson,2024-08-03,2024-12-09
Charlean Cattow,2024-11-18,2024-12-28
Millie De Gowe,2024-10-21,2024-12-01
Cynthy Dickson,2024-07-17,2024-12-23
Marne Jeanin,2024-10-22,2024-11-09
Joane Tompkinson,2024-05-13,2024-10-27
Franny Fewkes,2024-08-01,2024-12-25
Claudius Donlon,2024-11-01,2025-01-01
Lyell Pfertner,2024-07-25,2024-10-30
Berry Sivills,2024-08-19,2024-11-02
Marlon Kibbee,2024-04-10,2024-12-04
Damita Whiteoak,2024-01-08,2024-11-18
Corrie Prium,2024-02-23,2024-12-27
Bink Chilton,2024-10-15,2024-11-11
Auroora Dukes,2024-05-28,2024-11-30
Jackie Noon,2024-06-23,2025-01-08
Caty Charrington,2024-11-30,2025-01-04
Cloris Pinnegar,2024-04-05,2024-10-01
Corette Dietsche,2024-04-01,2024-10-12
Ag McTrustram,2024-09-30,2024-12-03
Jerry MacIlwrick,2024-06-23,2024-12-23
Barb Stoll,2024-07-18,2025-01-30
Leta Boylan,2024-02-06,2024-11-26
Rey Tubby,2024-10-08,2024-12-29
Venita Fedorchenko,2024-01-17,2024-10-18
Craggy Layborn,2024-08-09,2024-10-01
Kelwin Santen,2024-07-01,2024-10-22
Jameson Carnoghan,2024-11-30,2024-11-21
Ingeborg Rubinovitsch,2024-09-18,2025-01-27
Celene Vercruysse,2024-04-19,2024-12-28
Genny Mifflin,2024-11-02,2024-10-27
Annadiana Pell,2024-06-27,2024-12-29
Bambie Crumly,2024-03-27,2024-12-29
Kirsten Gayter,2024-03-30,2024-12-28
Dareen Colloby,2024-08-19,2025-01-11
Athene Karsh,2024-07-24,2024-10-15
Beverlee Fawkes,2024-07-24,2024-10-18
Dorian Cawt,2024-05-04,2024-11-21
Rutherford Woolf,2024-08-11,2025-01-13
Nicoline Barbrook,2024-08-07,2024-12-26
Veradis Preedy,2024-10-28,2024-12-15
Arch Demongeot,2024-07-25,2025-01-10
Leanora Guierre,2024-07-06,2025-01-20
Russ Peye,2024-04-30,2024-12-28
Milena Shelp,2024-07-23,2025-01-14
Shawn Southerns,2024-05-04,2025-01-28
Fred Yezafovich,2024-04-16,2024-12-14
Obadiah Tack,2024-09-07,2025-01-18
Rania Warfield,2024-10-20,2024-10-15
Drusi Bartczak,2024-12-23,2024-11-01
Salomone Gabitis,2024-09-24,2024-11-23
Robbyn Etchells,2024-06-20,2024-12-20
Tildy Kennler,2024-01-30,2024-11-01
Federico McCuish,2024-12-10,2024-12-30
Trefor Van der Linde,2024-02-25,2025-01-26
Lelia Mordan,2024-09-04,2024-11-30
Charlotta Beccles,2024-06-18,2024-11-22
Milton Ritmeyer,2024-11-24,2024-12-09
Aland Hrinchenko,2024-02-11,2024-11-23
Symon Matterdace,2024-08-23,2024-12-15
Rita Pashenkov,2024-07-10,2024-10-14
Martelle Walas,2024-08-16,2024-10-16
Inger Style,2024-04-09,2024-10-22
Melony Shilton,2024-06-07,2024-12-30
Cleve McKeand,2024-09-11,2024-11-13
Boote Onele,2024-05-05,2025-01-23
Margit Monteith,2024-06-15,2024-10-30
Meyer Cullerne,2024-05-16,2025-01-04
Dorothy Boram,2024-02-07,2024-10-27
Lon Gravestone,2024-01-06,2024-10-09
Wait Crackel,2024-12-05,2024-10-22
Ruth Beecroft,2024-05-11,2024-12-04
Leonore Ivashov,2024-05-27,2024-12-21
Abbye Bartell,2024-01-10,2024-12-25
Welbie Drews,2024-07-26,2024-12-07
Natalee Cooke,2024-06-12,2024-12-22
Mortimer Knights,2024-03-14,2025-01-14
Brockie Elloway,2024-03-07,2024-12-14
Etan Mossman,2024-04-19,2024-12-25
Haily Gammon,2024-12-22,2024-11-01
Shawna Kimberley,2024-08-01,2024-11-09
Raf Voas,2024-08-22,2024-12-25
Ofelia Reede,2024-11-29,2024-11-01
Reinwald Sherborn,2024-11-15,2024-12-18
Ailis McInnery,2024-09-24,2024-11-11
Sanderson List,2024-05-25,2024-10-25
Bertrando Grinikhinov,2024-04-16,2024-12-16
Karlyn Bonnin,2024-02-01,2024-12-23
Haywood Pioli,2024-03-22,2024-11-14
Brittaney Jecks,2024-07-31,2024-10-29
Emmie Dary,2024-01-05,2024-10-08
Zabrina Gothup,2024-11-21,2025-01-14
Tann Parry,2024-10-06,2024-10-04
Garey Tolan,2024-10-20,2024-11-07
Aaren Levey,2024-04-13,2025-01-06
Sheffield Masse,2024-04-03,2024-10-21
Rip Goretti,2024-10-24,2024-12-25
Rosamond Porkiss,2024-11-24,2025-01-17
Worden Joscelyn,2024-09-02,2024-10-22
Jodie Strettle,2024-07-27,2025-01-09
Nessa Fettis,2024-01-17,2024-12-25
Doreen Lenormand,2024-01-06,2025-01-04
Olenolin Triner,2024-02-07,2024-11-16
Alisha Eusden,2024-09-21,2025-01-21
Lazare Dallas,2024-06-27,2024-12-15
Maire MacAree,2024-04-22,2024-10-29
Stormi Pole,2024-04-18,2024-10-17
Bernete Bouts,2024-06-11,2024-11-01
Gaylene Grenfell,2024-05-12,2024-12-25
Kayle Loomis,2024-02-14,2024-11-04
Karee Maytom,2024-07-07,2024-11-27
Wylma Broggelli,2024-11-16,2024-11-01
Devinne Kohnen,2024-06-04,2025-01-15
Janelle Goggen,2024-08-26,2024-12-06
Tuckie McArthur,2024-08-23,2025-01-06
Gerta Allmen,2024-03-18,2025-01-22
Charmaine Kirk,2024-06-03,2024-11-30
Benedikta Enrique,2024-02-04,2024-11-01
Harwell Aberdeen,2024-06-11,2025-01-27
Ardelia Paz,2024-01-14,2024-10-25
Codie Kliemke,2024-05-13,2024-10-19
Prentiss Aubrey,2024-03-29,2024-11-08
Lynde Prestie,2024-06-15,2025-01-30
Morna Bynert,2024-02-28,2024-12-05
Randolph Sweedland,2024-06-01,2024-12-29
Kevina Camble,2024-07-21,2024-11-26
Merrie Anwyl,2024-07-01,2025-01-03
Deane Sleet,2024-10-27,2024-12-16
Carolina Matyasik,2024-08-25,2025-01-19
Rriocard Poulson,2024-11-18,2025-01-01
Georgia Barck,2024-01-16,2025-01-13
Randa Capps,2024-11-12,2024-11-15
Brigitta Thynne,2024-03-16,2024-11-09
Cullie Claye,2024-06-07,2024-12-30
Stoddard Sturch,2024-06-03,2024-12-20
Darill Jerrans,2024-01-23,2024-10-14
Ranique Dudbridge,2024-09-10,2024-12-16
Lizbeth Siemantel,2024-06-09,2024-10-01
Velvet Frediani,2024-09-26,2024-12-17
Helen Abramovic,2024-12-24,2024-10-11
Lauren Ferne,2024-10-20,2024-11-14
Nobe Sedworth,2024-01-05,2024-12-28
Keelia Daton,2024-01-15,2024-12-01
Jareb Darby,2024-12-16,2024-10-31
Clemmie Stable,2024-05-18,2024-12-21
Elston Sawell,2024-02-23,2024-11-18
Dominica Berrington,2024-01-01,2024-12-29
Mersey Wollacott,2024-08-25,2024-11-05
Lacy Ridout,2024-06-26,2025-01-03
Holden Wafer,2024-07-19,2024-11-12
Ofelia Kezourec,2024-06-04,2024-12-01
Brittney Dunkerton,2024-10-03,2024-11-17
Tod McCarty,2024-11-18,2024-10-24
Fredek Penwell,2024-05-24,2024-11-07
Curt Lafaye,2024-02-18,2025-01-20
Charin Nind,2024-03-24,2025-01-14
Nathanael Emberson,2024-11-08,2024-12-28
Nefen Caunce,2024-04-23,2024-12-09
Curtis Dell Casa,2024-06-14,2024-10-12
Nahum Casari,2024-05-30,2024-12-18
Bond Wartnaby,2024-05-12,2024-11-11
Lev Shields,2024-01-14,2024-11-16
Winfred Balderstone,2024-07-08,2024-10-14
Vitoria Pentecust,2024-09-10,2025-01-28
Marline Schreiner,2024-02-20,2024-12-11
Amby Coghill,2024-07-25,2024-11-08
Darice Reany,2024-08-12,2024-10-05
Arvin Brislan,2024-03-05,2025-01-11
Danni Sames,2024-03-22,2024-10-06
Angy Lupton,2024-10-21,2025-01-15
Herold Newsome,2024-06-19,2024-11-11
Krystalle Juzek,2024-07-13,2025-01-04
Wendel Cyphus,2024-07-28,2024-12-23
Lotti Pigney,2024-12-22,2024-11-08
Afton Duggan,2024-03-31,2024-10-05
Marjy MacMarcuis,2024-01-28,2024-12-17
Latrina Boffin,2024-03-23,2024-10-23
Laurent Hazelton,2024-09-13,2025-01-06
Reuben Simonson,2024-01-29,2024-11-24
Kimmy Putland,2024-02-08,2024-10-15
Vance Corpes,2024-07-08,2025-01-02
Alida Hoodlass,2024-06-24,2024-12-03
Gail Gratland,2024-11-07,2024-12-27
Petr Prowting,2024-09-20,2024-10-16
Rana Cecchetelli,2024-01-10,2024-11-13
Matthus Domone,2024-10-09,2024-10-10
Carlin Seeviour,2024-05-21,2024-11-09
Mahmud Warrack,2024-07-01,2024-12-21
Ignacio Hanscombe,2024-09-25,2024-10-05
Prentiss Sandaver,2024-07-12,2024-10-06
Jimmy Ligertwood,2024-03-30,2024-11-19
Sharity Brightman,2024-03-22,2025-01-15
Cornelius Yarrall,2024-03-16,2024-11-05
Kerby Whayman,2024-07-27,2024-10-02
Freda Barbera,2024-05-04,2024-12-18
Standford Geane,2024-01-07,2024-12-30
Nalani Brosch,2024-01-23,2024-12-12
Keefer Plesing,2024-03-31,2024-12-27
Erina Smythin,2024-03-05,2025-01-03
Olivier Hancke,2024-12-30,2024-11-08
Carmella Redmain,2024-10-28,2024-10-27
Darcey Capini,2024-02-12,2024-12-31
Emmery Stirrip,2024-12-09,2025-01-04
Marcelia Gheorghe,2024-02-13,2024-10-08
Dynah Thomazin,2024-11-16,2024-11-13
Sanderson Beedle,2024-10-06,2024-11-17
Pancho Mence,2024-08-06,2024-12-23
Clari Vany,2024-12-25,2024-11-18
Wallie Whitbread,2024-09-08,2024-12-10
Merwin Bridgeland,2024-01-20,2024-11-05
Belvia Vasilevich,2024-05-03,2024-12-31
Ellswerth Rastrick,2024-05-02,2024-11-30
Ardis Kuhn,2024-02-09,2024-11-26
Robb Kieran,2024-04-26,2024-10-26
Raina MacAdam,2024-10-27,2024-10-06
Rochelle Hubbock,2024-01-21,2024-12-13
Frederic Deem,2024-07-18,2025-01-29
Trina Gilling,2024-07-01,2024-10-18
Janine Timmermann,2024-01-04,2024-11-05
Baird Dearlove,2024-01-07,2024-11-15
Emlyn Ritelli,2024-12-22,2024-12-28
Thomasina Gainor,2024-10-12,2024-11-15
Amery Rosita,2024-12-26,2025-01-15
Aleen Leacock,2024-03-14,2024-11-05
Del Sandbatch,2024-09-20,2024-10-19
Federica Colchett,2024-06-16,2024-10-04
Fredrick Kayley,2024-04-10,2024-10-11
Sofia Catterall,2024-10-28,2024-11-15
Mortie Caldwell,2024-08-28,2025-01-03
Jeannine Lohden,2024-11-07,2024-11-22
Alvan Groomebridge,2024-08-07,2024-10-10
Clemmie McComish,2024-10-23,2025-01-30
Aleda Tilliards,2024-11-24,2024-10-19
Cassy Work,2024-09-19,2024-11-18
Duffie Shepeard,2024-08-29,2024-11-11
Tomlin Shewring,2024-07-09,2024-11-17
Federico Cauley,2024-09-28,2025-01-29
Lurlene Gillebert,2024-11-11,2024-10-18
Henrieta Catmull,2024-08-27,2024-10-08
Paulette Hatzar,2024-09-18,2024-12-29
Wileen Dalgardno,2024-12-09,2025-01-19
Rutter Calverley,2024-07-12,2025-01-16
Jase Tessyman,2024-02-14,2025-01-01
Valentino Broadstock,2024-04-08,2024-12-23
Deloria Dunk,2024-04-18,2025-01-18
Dulci Daymond,2024-08-07,2025-01-27
Fleurette Imlock,2024-10-18,2024-10-14
Gwenette Elms,2024-06-29,2024-11-12
Annmaria Clevely,2024-04-16,2024-11-21
Gelya Brimmacombe,2024-04-07,2024-10-05
Kasey Machin,2024-02-05,2024-12-29
Alia Wiburn,2024-09-24,2025-01-14
Grazia Callis,2024-02-08,2024-12-19
Cynthie Dowzell,2024-06-04,2024-11-07
Sherline Jochens,2024-02-29,2025-01-27
Greer Sedwick,2024-05-01,2024-12-08
Meaghan Tabord,2024-11-04,2024-11-02
Beaufort Sanja,2024-05-10,2024-11-01
Gloriana Trymme,2024-06-23,2024-11-01
Zenia Pittford,2024-03-23,2024-11-12
Lauri Daunay,2024-02-25,2024-10-02
Hamlin Docharty,2024-06-13,2024-10-14
Ilka Daftor,2024-07-12,2025-01-01
Constantia Kingcote,2024-03-30,2025-01-13
Joe Harmour,2024-09-13,2025-01-05
Florida Spurritt,2024-07-06,2025-01-15
Darwin Tabary,2024-04-03,2024-11-03
Jolene Conew,2024-02-27,2024-12-26
Kippie Paxforde,2024-08-31,2024-11-12
Rolfe Jory,2024-05-11,2024-12-06
Brunhilda Lotterington,2024-02-21,2024-10-20
Gawen Toon,2024-02-12,2024-11-27
Darnell Biglin,2024-08-12,2024-10-21
Celesta Gorriessen,2024-10-23,2024-10-19
Johnette Boddington,2024-10-06,2024-12-21
Bendix Mewett,2024-09-28,2024-12-16
Lindsay Lippett,2024-04-24,2024-11-30
Nariko Tremayle,2024-11-07,2025-01-05
Tannie Bruhke,2024-10-02,2024-10-31
Deeyn Cofax,2024-03-20,2024-10-15
Micky Strongitharm,2024-05-20,2024-10-03
Gusta Sparrowe,2024-04-23,2024-11-28
Chrystal Bright,2024-11-02,2024-12-14
Robinett Stockdale,2024-10-13,2025-01-11
Mathian Tirone,2024-04-06,2024-11-10
Thibaud Armal,2024-11-17,2024-11-28
Inna Di Giacomo,2024-05-03,2024-11-24
Rianon Dametti,2024-06-29,2024-12-25
Cathryn Lackmann,2024-04-11,2024-12-12
Esra Bruins,2024-11-08,2025-01-09
Isabelita Ledgerton,2024-09-27,2024-11-19
Xenia Kemster,2024-01-24,2025-01-22
Rina Flagg,2024-04-07,2025-01-09
Sara-ann Rolling,2024-03-19,2024-12-22
Joana Fatharly,2024-06-21,2024-10-19
Crawford Gravy,2024-10-27,2024-11-02
Pavla Hemphill,2024-01-31,2024-11-14
Georgena A'field,2024-03-11,2024-11-30
Maxwell Rushford,2024-08-13,2024-11-03
Shina Izkoveski,2024-03-13,2024-12-23
Omar Dallman,2024-01-27,2025-01-15
Yoshi Caffin,2024-04-01,2024-11-29
Vernice Bednell,2024-09-12,2024-10-05
Petrina Chatfield,2024-05-13,2024-11-07
Linus Allston,2024-03-13,2024-12-03
Northrop Poultney,2024-09-02,2024-11-19
Christiano Vahey,2024-10-18,2024-11-07
Cyndia Osmon,2024-08-14,2024-12-08
Laurie Just,2024-08-15,2024-11-19
Zitella Josephi,2024-07-22,2024-11-25
Reider Filchagin,2024-12-15,2024-10-29
Zuzana Thewlis,2024-07-12,2024-10-30
Kali Dettmar,2024-07-20,2025-01-22
Klarrisa Copley,2024-10-22,2025-01-12
Lucia Tellett,2024-02-26,2024-12-05
Bernetta Vicar,2024-12-18,2024-10-08
Kristopher Dowey,2024-08-01,2024-11-13
Melisent Warn,2024-03-29,2024-10-11
Ethelred Ruit,2024-10-25,2025-01-06
Koressa Oakley,2024-06-13,2024-12-28
Bentlee Ringe,2024-02-03,2024-12-16
Stephanus Drinkall,2024-10-25,2025-01-08
Morey Ansley,2024-07-04,2024-12-25
Berty Jerrard,2024-07-02,2024-11-13
Kimmie Perks,2024-10-26,2024-12-22
Timotheus Wainman,2024-05-15,2024-11-07
Monte Moffatt,2024-07-07,2024-10-12
Ursa Redit,2024-12-11,2024-11-09
Betta Bouts,2024-05-19,2024-12-18
Sarine Bertholin,2024-07-16,2025-01-28
Annmaria Parratt,2024-04-06,2024-10-13
Jesus Tender,2024-03-28,2025-01-09
Bondon Kobierski,2024-01-01,2024-10-13
Lou Retallack,2024-07-06,2024-11-07
Alix Gledhill,2024-01-30,2024-12-12
Graehme Rawdales,2024-07-19,2024-11-13
Silvie Valerio,2024-01-17,2025-01-27
Reginauld Corke,2024-05-20,2024-12-05
Norry Immer,2024-12-26,2025-01-17
Eziechiele Spleving,2024-03-28,2024-10-28
Felix Davidovits,2024-10-06,2024-10-29
Laverna Cobbled,2024-12-08,2024-12-31
Fabio Bastin,2024-01-15,2025-01-10
Debbie Jiroutka,2024-05-02,2024-10-10
Shell Renihan,2024-01-06,2024-10-10
Dell Whitty,2024-04-08,2024-12-23
Desmund Duffan,2024-01-18,2024-12-21
Thibaut Spours,2024-11-11,2025-01-16
Perkin Frankes,2024-07-24,2024-12-03
Denyse Syers,2024-05-01,2024-10-15
Babb Chatenet,2024-10-13,2024-12-21
Elfrieda Munns,2024-08-10,2024-10-16
Vic Weems,2024-12-18,2025-01-16
Alexandro Glazzard,2024-09-27,2025-01-24
Ulberto Itscovitz,2024-07-15,2024-12-20
Clementina Rippingale,2024-10-12,2025-01-02
Selia Denisyev,2024-05-05,2024-11-02
Arthur Mooring,2024-05-16,2024-11-28
Eugenio Bernier,2024-01-17,2025-01-07
Anastasia Nicol,2024-03-31,2024-12-27
Kain Batha,2024-06-12,2024-11-24
Umberto Moy,2024-11-13,2024-12-06
Tomasine Fellini,2024-12-23,2024-10-29
Giselle Melloy,2024-04-07,2024-10-08
Leela Baudone,2024-09-15,2025-01-15
Dael Duggleby,2024-02-07,2024-11-21
Yank Cunah,2024-03-04,2024-11-24
Alphonso Coxhead,2024-12-20,2024-11-10
Marlee Izak,2024-06-01,2024-11-24
Silvain Butterworth,2024-04-25,2025-01-01
Filide Shaul,2024-09-21,2024-10-08
Huntley Marioneau,2024-09-26,2024-10-18
Donielle Cabral,2024-10-12,2024-10-15
Bax Creegan,2024-10-23,2024-11-01
Theodor Brugman,2024-01-27,2024-12-16
Tremain Thorouggood,2024-09-27,2025-01-04
Donnell Longmead,2024-09-08,2024-12-26
Rock Rawstorn,2024-03-20,2024-10-23
Corabelle Hanvey,2024-11-18,2024-10-17
Christian Jansson,2024-01-16,2025-01-05
Kath Braybrooks,2024-09-29,2024-10-15
Merola Rutgers,2024-09-09,2024-11-20
Gray Duesberry,2024-05-25,2025-01-02
Mommy Bevar,2024-06-23,2024-10-13
Daffie Ealam,2024-10-20,2024-11-23
Mata McDuffie,2024-08-21,2025-01-05
Carleton Hegges,2024-02-20,2025-01-03
Guendolen Adamec,2024-12-10,2024-12-17
Jodie Grinstead,2024-11-25,2024-12-09
Dalston Ellacombe,2024-02-02,2024-12-16
Thorsten Twitty,2024-03-30,2024-12-27
Tabbie Stigger,2024-03-10,2024-12-03
Augie Zanotti,2024-05-02,2025-01-01
Claybourne Lurner,2024-10-05,2024-11-06
Ranna Wawer,2024-04-18,2024-10-26
Liana Varian,2024-02-02,2024-12-17
Miller Whiting,2024-09-08,2024-11-21
Obie Di Bernardo,2024-06-19,2024-11-30
Nananne Wyldish,2024-10-18,2024-12-28
Dierdre Kleeborn,2024-11-02,2024-12-05
Janaya Lacoste,2024-01-27,2024-10-26
Myles Turbitt,2024-12-24,2024-10-01
Garland Newbery,2024-07-14,2024-10-09
Tomi Saxby,2024-04-09,2024-12-30
Yovonnda Sexon,2024-10-25,2025-01-11
Andy Haysar,2024-10-07,2024-12-26
Ursulina Idle,2024-12-08,2025-01-23
Julissa Meddings,2024-07-13,2024-10-09
Violette Hebborn,2024-10-23,2024-10-12
Hadrian Aveson,2024-07-14,2024-12-08
Ellie Wrotchford,2024-02-19,2024-12-23
Correy Mattei,2024-07-04,2025-01-19
Savina Mawtus,2024-02-07,2024-10-18
Abigail Theseira,2024-03-06,2024-10-05
Helyn Heindle,2024-04-29,2025-01-11
Marlon Haldin,2024-06-26,2024-11-14
Morgun Hessel,2024-11-01,2024-11-13
Loria Dowdeswell,2024-10-22,2025-01-09
Grant Corrie,2024-08-22,2024-12-25
Harmony Doberer,2024-07-30,2024-11-19
Dalenna Masterton,2024-01-03,2025-01-06
Bale Foord,2024-05-23,2025-01-22
Elsie Gemnett,2024-04-15,2025-01-20
Kimble Moulds,2024-10-16,2024-10-26
Mick Meneer,2024-12-22,2024-11-25
Rania Serginson,2024-09-18,2025-01-10
Erin Tchaikovsky,2024-07-13,2024-11-28
Annora Splevings,2024-03-14,2024-10-31
Ad Clemendet,2024-08-02,2024-12-06
Rabbi Aggs,2024-07-15,2025-01-21
Currey Diggins,2024-02-04,2024-12-26
Taylor Chong,2024-07-21,2024-11-16
Hillery Scholz,2024-01-19,2024-11-19
Dino Foort,2024-05-21,2024-10-31
Wynn Boatright,2024-01-10,2024-12-18
Alvira Fortin,2024-11-17,2024-10-31
Marrilee Partlett,2024-01-02,2024-10-13
Filide Drakes,2024-11-15,2024-12-11
Joni Kalinsky,2024-11-02,2024-10-22
Joe Slight,2024-08-04,2024-11-24
Angus Martusov,2024-12-03,2025-01-28
Leelah Fogel,2024-04-04,2024-11-25
Harmon Nolot,2024-07-05,2024-11-25
Olympie de Clerk,2024-08-14,2024-11-29
Marlena De Gouy,2024-01-31,2024-10-28
Padriac Rigglesford,2024-11-07,2024-11-20
Olia Dounbare,2024-10-16,2024-12-23
Egon Herrema,2024-11-05,2024-10-27
Welby Elland,2024-05-26,2024-10-18
Koren Palfreman,2024-12-23,2024-11-25
Merell Malser,2024-10-13,2024-12-03
Billy Risman,2024-05-23,2024-12-01
Cherri Pyle,2024-02-19,2025-01-06
Siffre Eager,2024-01-28,2025-01-02
Mylo Towe,2024-11-10,2024-12-20
Antonius Wakeling,2024-09-18,2024-12-13
Alexandrina Matteucci,2024-10-26,2025-01-21
Chevalier Padell,2024-01-04,2024-10-17
Lucienne Gozzett,2024-07-20,2024-12-12
Barton Leafe,2024-05-30,2024-12-22
Christel Crame,2024-06-10,2024-10-18
Marcelia Woffenden,2024-07-19,2024-10-11
Blakeley Pennicard,2024-04-09,2024-10-12
Ringo Tetford,2024-09-08,2024-11-18
Jaye Sawtell,2024-02-25,2024-10-15
Giorgio Habard,2024-10-30,2024-12-24
Ilka Pragnell,2024-11-11,2024-12-04
Gearard Scotsbrook,2024-03-08,2024-11-01
Sib Eustice,2024-12-13,2025-01-12
Liesa Lawden,2024-11-21,2025-01-04
Tracee Franscioni,2024-08-11,2024-11-08
Davy Van T'Hoog,2024-05-03,2024-10-08
Damiano Arne,2024-10-19,2024-11-21
Rosemonde Gell,2024-05-15,2024-11-15
Cristy Mayze,2024-06-16,2024-10-13
Irwin Giraudot,2024-09-17,2024-10-29
Marris Bartalucci,2024-06-13,2024-11-02
Ralf Mathews,2024-02-28,2024-10-24
Janey Abriani,2024-02-08,2024-11-27
Ryun Seven,2024-07-09,2025-01-13
Ado Whiskerd,2024-09-21,2025-01-24
Janice Blune,2024-05-28,2024-11-24
Garey Gosenell,2024-01-13,2025-01-07
Silvio Whimp,2024-08-12,2024-10-11
Archaimbaud Glaisner,2024-09-20,2024-12-28
Gustavus Klauer,2024-12-06,2024-10-15
Stephie Meuse,2024-11-30,2024-12-26
Stafani Macvain,2024-10-09,2024-12-22
Midge Bourdas,2024-03-01,2024-10-13
Kane Jirek,2024-08-29,2025-01-16
Atlanta Olivella,2024-08-31,2024-11-25
Ranice Kubiak,2024-12-30,2025-01-07
Bellanca Lindbergh,2024-01-05,2025-01-24
Fidelio Whillock,2024-06-29,2025-01-13
Lora Piddington,2024-02-16,2025-01-21
Aubert Lanfear,2024-01-17,2024-11-07
Jan Janzen,2024-08-10,2024-10-25
Lynnette Rupke,2024-07-28,2025-01-18
Brandea Ketteridge,2024-05-30,2025-01-14
Siegfried Targetter,2024-11-12,2025-01-21
Sean Caddie,2024-03-05,2024-10-21
Hyatt Bouch,2024-12-10,2024-11-26
Torie Ghelarducci,2024-10-11,2024-11-30
Marina Ditchfield,2024-08-02,2024-10-05
Flemming Stubbin,2024-11-13,2025-01-04
Brianna Seggie,2024-09-04,2024-11-21
Caprice Stewart,2024-02-27,2025-01-26
Kattie Deeson,2024-03-31,2024-12-04
Rosemary Town,2024-07-13,2024-12-29
Renado Langshaw,2024-04-21,2024-10-15
Aida Abby,2024-10-29,2024-11-26
Natal Barneveld,2024-04-09,2025-01-30
Bondie Fresson,2024-03-02,2024-11-20
Ammamaria Killingsworth,2024-05-10,2024-11-17
Julina Buncombe,2024-09-12,2024-11-13
Davine Gallear,2024-11-29,2025-01-21
Shamus Coade,2024-10-21,2024-12-18
Clark Crossfield,2024-11-23,2024-10-09
Nilson Trythall,2024-03-05,2024-11-23
Lew Brackpool,2024-10-30,2024-10-30
Annie Eddins,2024-09-06,2024-11-04
Tessi Perfect,2024-11-25,2024-12-07
Jodi Killough,2024-12-06,2024-11-18
Kenny Laugier,2024-09-13,2024-12-07
Coralyn Triplow,2024-12-06,2024-10-08
Alys Reyburn,2024-06-28,2024-10-03
Maisey Walling,2024-05-02,2024-12-30
Marlo Iannetti,2024-03-20,2024-12-12
Maryanna Garces,2024-02-14,2024-11-08
Ferrell Aviss,2024-12-10,2025-01-07
Ellery Memmory,2024-09-23,2025-01-24
Finn Michin,2024-01-31,2024-12-05
Rosco Temple,2024-09-21,2024-10-29
Dolorita Mannion,2024-02-11,2024-10-17
Nicoline Spinello,2024-05-03,2024-11-01
Hetti Jacklings,2024-09-13,2024-11-29
Dermot Brugden,2024-06-24,2025-01-20
Scott Le Breton De La Vieuville,2024-02-16,2024-10-26
Terrance Southern,2024-05-19,2024-12-17
Marve Beckmann,2024-10-06,2024-11-14
Vallie Downton,2024-08-27,2024-10-19
Catherine Thatcham,2024-01-09,2025-01-05
Dev Offa,2024-12-11,2024-10-30
Sada Simononsky,2024-07-05,2024-11-08
Lilah MacCome,2024-05-03,2024-11-29
Kirby Capeling,2024-05-06,2025-01-15
Lay Laundon,2024-06-14,2024-10-03
Emyle Duggan,2024-10-23,2024-11-20
Wainwright Croydon,2024-09-21,2024-10-15
Marita Potzold,2024-07-26,2024-10-15
Marti Labdon,2024-11-26,2025-01-29
Dagny Glynne,2024-12-21,2024-12-18
Tatiana Dunstone,2024-02-28,2024-10-15
Aloysius Holdworth,2024-08-19,2024-10-25
Cleveland Levis,2024-09-02,2024-10-16
Ceciley Cross,2024-01-18,2025-01-20
Coretta Franses,2024-07-18,2024-12-23
Reidar Tinghill,2024-07-13,2025-01-02
Jarrad Sevin,2024-12-18,2024-12-25
Jacquenette Maddigan,2024-05-02,2024-11-01
Lanny Hoggin,2024-05-12,2024-12-29
Constancy De Dei,2024-08-21,2024-12-26
Lise Diamant,2024-04-09,2024-10-01
Farlee Haney,2024-07-14,2025-01-13
Donall Wynrehame,2024-01-14,2024-10-18
Orelee Pullar,2024-03-16,2024-11-09
Amaleta Jonson,2024-03-30,2024-11-17
Susannah Antosik,2024-09-10,2024-11-10
Armando Crosfield,2024-10-08,2025-01-20
Meggy Allday,2024-08-13,2024-11-01
Blane Roser,2024-03-25,2024-10-03
Carlyn Alcalde,2024-01-11,2024-12-03
Baldwin Myles,2024-06-04,2024-10-11
Prentiss Hardwick,2024-09-19,2024-11-09
Pavlov Barukh,2024-10-09,2024-10-18
Ernesto Hickenbottom,2024-04-30,2024-12-29
Waneta Feltoe,2024-01-19,2024-11-30
Thadeus Meadley,2024-11-19,2024-12-27
Joshuah Oddy,2024-02-15,2025-01-23
Avrit Skim,2024-02-13,2024-12-28
Amitie Corsan,2024-01-01,2024-11-22
Trip Hume,2024-11-07,2024-11-09
Toma Johannesson,2024-07-27,2024-10-10
Zacherie Woolaghan,2024-03-28,2025-01-22
Alisander Garnsey,2024-12-29,2025-01-30
Dido Weatherup,2024-10-19,2024-12-30
Dorella Local,2024-12-16,2024-10-13
Sherwood Enstone,2024-10-10,2024-10-26
Kelcey Biggs,2024-09-24,2024-12-28
Hertha Butchart,2024-04-28,2025-01-07
Morgana Gaskin,2024-11-17,2024-10-16
Marilin Tarrant,2024-06-25,2024-11-29
Hazel Feast,2024-09-17,2024-11-26
Suellen Chinnock,2024-12-05,2024-11-20
Alix Gooderham,2024-07-21,2024-11-23
Cristie Backshaw,2024-09-14,2024-12-19
Lucas Dhillon,2024-05-25,2024-12-23
Harald Skittrall,2024-07-01,2024-11-14
Michal Dickie,2024-10-05,2024-11-01
Lissy Justun,2024-03-04,2025-01-07
Lurline Burgis,2024-04-06,2024-12-18
Pietrek Sliney,2024-05-14,2024-11-29
Janos Mainland,2024-07-20,2024-10-19
Mervin Houlworth,2024-03-08,2024-11-18
Elberta Buscombe,2024-06-04,2024-10-14
Glynda Skillitt,2024-09-07,2024-10-08
Tobias Crichton,2024-12-18,2024-11-17
Joscelin Wybern,2024-04-13,2024-10-17
Saloma Dannel,2024-01-29,2025-01-25
Cherye Kleinsinger,2024-11-26,2025-01-13
Calla Tucker,2024-03-18,2025-01-19
Estelle Blackway,2024-07-14,2024-10-31
Atlanta Francke,2024-06-23,2024-11-29
Kathlin Swafford,2024-10-24,2024-12-25
Bartlett Pummery,2024-08-25,2024-11-23
Ezra Dacre,2024-12-14,2024-11-25
Hercules Duffit,2024-10-06,2024-12-11
Elisha Smithies,2024-07-14,2025-01-15
Caressa Robiot,2024-09-07,2024-10-26
Fredrick Tumility,2024-12-28,2024-11-01
Anestassia Burchett,2024-11-18,2024-10-08
Johnnie Marven,2024-03-06,2024-10-14
Lela Brockest,2024-03-01,2025-01-03
Cass Foxen,2024-07-21,2024-10-06
Crissie Leyre,2024-11-08,2024-11-08
Nessy Buick,2024-12-14,2024-12-28
Evangelina Batchelor,2024-03-04,2024-10-04
Olly Godsell,2024-09-24,2024-11-04
Willy Penson,2024-01-14,2024-11-22
Manda MacClure,2024-10-23,2024-11-20
Leena Croston,2024-10-28,2024-11-23
Mervin Goodinge,2024-09-02,2024-11-15
Ynes Fenlon,2024-10-30,2024-12-21
Corena Blain,2024-07-24,2024-11-12
Carmita Dunbobin,2024-06-26,2024-11-04
Roth Dearnaley,2024-05-24,2024-12-03
Job Gaitung,2024-10-06,2024-10-23
Hedwig Kener,2024-03-20,2024-10-01
Ced Wards,2024-01-01,2024-11-02
Ernaline Judge,2024-12-07,2024-10-20
Katee Zouch,2024-04-13,2025-01-18
Mildrid Liveley,2024-08-11,2024-11-24
Mariska Toft,2024-04-02,2024-12-10
Phelia Fradgley,2024-12-12,2024-11-06
Berton McGaughey,2024-01-19,2024-10-26
Lorette Arendt,2024-02-27,2024-12-06
Hailee Axelbey,2024-08-11,2024-10-27
Virginie Tapp,2024-02-05,2024-11-04
Caressa Hebbard,2024-02-09,2024-11-20
Michaella Winward,2024-09-04,2024-12-08
Garwood Skilling,2024-04-02,2024-10-09
Silvanus Yakubovics,2024-05-15,2024-12-07
Bern Darlow,2024-09-15,2024-11-13
Daren Larkby,2024-01-07,2024-10-10
Spencer Barns,2024-05-22,2024-10-18
Stanfield Dewey,2024-02-17,2024-12-02
Lucine Clemmen,2024-05-30,2024-12-30
Alphonso Crean,2024-02-15,2024-12-31
Elisabet Gerbi,2024-10-13,2024-12-11
Allan Rivalant,2024-10-31,2025-01-24
Waylin Pawley,2024-04-07,2024-10-27
Gayle Marco,2024-03-18,2024-12-26
Rutger Astle,2024-09-02,2024-12-28
Kennett Paudin,2024-09-16,2024-10-18
Noel Quin,2024-10-16,2024-11-10
Othilie Leahey,2024-10-26,2024-11-05
Daffi Farans,2024-04-06,2024-10-07
Kenn Coult,2024-03-02,2025-01-22
Berne Garcia,2024-06-02,2024-12-10
Yule Shewan,2024-02-04,2024-10-23
Jeri Blow,2024-05-23,2024-10-10
Morgen Borge,2024-04-02,2025-01-10
Renato Cowins,2024-11-22,2025-01-30
Rhona Burgan,2024-08-21,2024-11-05
Gaven Rockcliffe,2024-02-06,2024-12-02
Lilith Addey,2024-01-03,2024-10-09
Elfreda Wigmore,2024-01-04,2024-12-20
Luci Berkelay,2024-10-24,2024-10-02
Kaylee Battrum,2024-12-22,2024-11-01
Vaclav Caselli,2024-03-12,2025-01-18
Renee Palmer,2024-06-28,2025-01-06
Niels Tsar,2024-04-23,2025-01-27
Jordanna Erni,2024-04-23,2024-12-22
Johnny Antonopoulos,2024-11-09,2025-01-02
Marshall Glede,2024-10-15,2024-12-25
Padget Fantonetti,2024-05-25,2024-10-25
Oren Kenchington,2024-02-12,2024-12-18
Ahmad Beardsdale,2024-08-28,2025-01-24
Kimmi Bagnold,2024-05-26,2024-12-27
Ilaire Heasman,2024-04-18,2024-10-04
Jamima Oury,2024-11-06,2024-10-04
Dolores Peare,2024-07-11,2025-01-26
Danya Hof,2024-12-25,2024-11-09
Con Teesdale,2024-06-04,2024-12-23
Saba Aime,2024-05-15,2024-12-13
Helenka Sarath,2024-12-24,2024-11-28
Roarke Howbrook,2024-08-23,2024-10-22
Fay Elstone,2024-02-09,2025-01-15
Emili Di Giacomo,2024-11-19,2024-10-09
Myrtie Dummigan,2024-06-19,2024-10-30
Fletch Hindshaw,2024-05-24,2024-10-28
Trueman Fluger,2024-06-27,2024-12-26
Maximilianus Chadwell,2024-08-22,2024-10-29
Jennilee McTeague,2024-03-02,2024-11-15
Burch Poletto,2024-05-29,2024-11-26
Connie Goding,2024-05-17,2024-11-22
Deidre Tripp,2024-04-13,2024-11-21
Jamill Beseke,2024-02-22,2024-10-30
Gregoire Vlasyuk,2024-08-26,2025-01-27
Min Oldroyde,2024-02-28,2024-10-27
Filia Guymer,2024-03-24,2024-12-10
Burlie Tulleth,2024-08-20,2025-01-01
Gery Vagg,2024-10-15,2024-12-03
Rex Leafe,2024-03-31,2024-11-11
Carmine Heggison,2024-01-03,2024-10-07
Amalee Pargeter,2024-07-30,2024-12-11
Clint Brosius,2024-09-25,2024-11-21
Hamel Cardow,2024-12-13,2024-10-30
Michele Mainstone,2024-05-12,2025-01-29
Daryl Degli Abbati,2024-08-05,2024-10-17
Avie Lockie,2024-03-06,2024-10-24
Peri Berkery,2024-05-14,2024-11-04
Malorie Shaul,2024-11-07,2024-10-08
Christine McCritichie,2024-04-07,2024-10-17
Janie Stapleford,2024-08-26,2024-10-12
Chastity Rowston,2024-10-13,2025-01-18
Sammie Cathie,2024-09-08,2025-01-16
Elita Sawer,2024-09-23,2024-11-18
Conn Lorentzen,2024-01-18,2024-10-26
Auroora Gravells,2024-01-14,2024-11-03
Carney Millar,2024-01-13,2024-10-16
Karyn Kezor,2024-05-07,2024-11-08
Vladamir Balleine,2024-05-01,2024-11-09
Orrin McKew,2024-05-11,2024-11-20
Piggy Julyan,2024-07-13,2024-11-28
Abbey Dobell,2024-03-26,2025-01-16
Kristopher Carnelley,2024-10-04,2024-10-18
Kalila Reach,2024-09-14,2024-12-20
Bibby MacQuist,2024-07-01,2024-12-15
Sydelle Bartlam,2024-11-22,2024-11-01
Doralin Castle,2024-05-17,2024-10-16
Hailee Judron,2024-02-26,2025-01-11
Merci Dee,2024-03-01,2024-12-19
Kimberly Jerke,2024-09-28,2024-12-30
Cully Gellibrand,2024-06-28,2024-12-07
Shalne Euler,2024-08-15,2025-01-04
Ardella Dullingham,2024-07-07,2024-12-16
Kimmie Orhtmann,2024-11-20,2024-10-28
Latashia Savory,2024-05-07,2024-12-27
Clerissa Todarello,2024-05-10,2024-12-07
Barnard Mathan,2024-11-23,2024-12-18
Cathrine Phillps,2024-06-29,2024-12-03
Glynn Roman,2024-12-19,2024-12-19
Elnar Studde,2024-06-05,2024-10-28
Mindy Terney,2024-06-17,2024-11-30
Goldia Dillicate,2024-04-18,2025-01-26
Amerigo Ackrill,2024-03-19,2024-12-18
Reidar Sokell,2024-04-04,2024-12-23
Starr Frayn,2024-10-12,2024-10-22
Paola Stanyforth,2024-01-27,2024-11-25
Colman Pedroni,2024-08-31,2025-01-25
Jere Vinau,2024-10-09,2024-10-05
Skye Owenson,2024-12-22,2025-01-29
Andrej Lemerie,2024-08-02,2025-01-22
Wyndham Mullenger,2024-08-14,2024-12-15
Isaac Rideout,2024-04-22,2024-10-02
Georgina Flaunier,2024-03-14,2024-11-09
Sutherlan Sudron,2024-03-27,2024-12-27
Ivonne Clute,2024-08-21,2024-11-03
Davidson Farlowe,2024-12-21,2024-10-23
Jephthah Hafner,2024-05-10,2025-01-18
Harold Newcom,2024-01-06,2024-10-22
Orbadiah Goede,2024-01-13,2024-11-07
Courtenay Primak,2024-04-05,2025-01-17
Kingsley Taylerson,2024-08-19,2024-12-28
Anjela McCabe,2024-07-18,2024-11-16
Taylor Pimlott,2024-07-28,2024-10-07
Frankie Piotrkowski,2024-03-03,2024-12-01
Ethelind Rodgier,2024-11-21,2024-12-28
Taddeo Palfreman,2024-08-10,2024-11-10
Keary Heater,2024-03-13,2024-12-20
Karlyn Cominetti,2024-10-03,2024-10-16
Rae Pancost,2024-02-19,2024-10-27
Jakob Everiss,2024-01-23,2024-12-25
Karleen Wakeley,2024-02-23,2025-01-10
Iolanthe Atkirk,2024-05-12,2025-01-08
Felizio Sneezem,2024-09-07,2024-11-04
Lyndsay Dugan,2024-06-25,2024-12-04
Delphine Reston,2024-05-11,2024-11-18
